date,sku,units_sold,promo_flag
2024-12-16,FIL-1001,30,0
2024-12-23,FIL-1001,23,0
2024-12-30,FIL-1001,22,0
2025-01-06,FIL-1001,14,0
2025-01-13,FIL-1001,22,0
2025-01-20,FIL-1001,60,1
2025-01-27,FIL-1001,22,0
2025-02-03,FIL-1001,21,0
2025-02-10,FIL-1001,26,0
2025-02-17,FIL-1001,14,0
2025-02-24,FIL-1001,27,0
2025-03-03,FIL-1001,15,0
2025-03-10,FIL-1001,16,0
2025-03-17,FIL-1001,17,0
2025-03-24,FIL-1001,24,0
2025-03-31,FIL-1001,25,0
2025-04-07,FIL-1001,20,0
2025-04-14,FIL-1001,19,0
2025-04-21,FIL-1001,20,0
2025-04-28,FIL-1001,22,0
2025-05-05,FIL-1001,23,0
2025-05-12,FIL-1001,32,1
2025-05-19,FIL-1001,19,0
2025-05-26,FIL-1001,24,0
2025-06-02,FIL-1001,25,0
2025-06-09,FIL-1001,20,0
2025-06-16,FIL-1001,13,0
2025-06-23,FIL-1001,28,0
2025-06-30,FIL-1001,24,0
2025-07-07,FIL-1001,24,0
2025-07-14,FIL-1001,23,0
2025-07-21,FIL-1001,21,0
2025-07-28,FIL-1001,16,0
2025-08-04,FIL-1001,20,0
2025-08-11,FIL-1001,28,0
2025-08-18,FIL-1001,22,0
2025-08-25,FIL-1001,32,0
2025-09-01,FIL-1001,26,0
2025-09-08,FIL-1001,23,0
2025-09-15,FIL-1001,25,0
2025-09-22,FIL-1001,34,0
2025-09-29,FIL-1001,24,0
2025-10-06,FIL-1001,44,0
2025-10-13,FIL-1001,26,0
2025-10-20,FIL-1001,33,0
2025-10-27,FIL-1001,33,0
2025-11-03,FIL-1001,45,0
2025-11-10,FIL-1001,43,0
2025-11-17,FIL-1001,35,0
2025-11-24,FIL-1001,27,0
2025-12-01,FIL-1001,34,0
2025-12-08,FIL-1001,38,0
2025-12-15,FIL-1001,34,0
2025-12-22,FIL-1001,26,0
2025-12-29,FIL-1001,26,0
2026-01-05,FIL-1001,14,0
2026-01-12,FIL-1001,28,0
2026-01-19,FIL-1001,23,0
2026-01-26,FIL-1001,28,0
2026-02-02,FIL-1001,24,0
2026-02-09,FIL-1001,32,1
2026-02-16,FIL-1001,26,0
2026-02-23,FIL-1001,24,0
2026-03-02,FIL-1001,17,0
2026-03-09,FIL-1001,20,0
2026-03-16,FIL-1001,14,0
2026-03-23,FIL-1001,19,0
2026-03-30,FIL-1001,21,0
2026-04-06,FIL-1001,32,1
2026-04-13,FIL-1001,20,0
2026-04-20,FIL-1001,16,0
2026-04-27,FIL-1001,19,0
2026-05-04,FIL-1001,21,0
2026-05-11,FIL-1001,16,0
2026-05-18,FIL-1001,23,0
2026-05-25,FIL-1001,10,0
2026-06-01,FIL-1001,17,0
2026-06-08,FIL-1001,14,0
2024-12-16,CHN-1023,11,0
2024-12-23,CHN-1023,13,0
2024-12-30,CHN-1023,7,0
2025-01-06,CHN-1023,12,0
2025-01-13,CHN-1023,18,0
2025-01-20,CHN-1023,11,0
2025-01-27,CHN-1023,15,0
2025-02-03,CHN-1023,14,0
2025-02-10,CHN-1023,17,0
2025-02-17,CHN-1023,19,0
2025-02-24,CHN-1023,9,0
2025-03-03,CHN-1023,18,0
2025-03-10,CHN-1023,17,0
2025-03-17,CHN-1023,11,0
2025-03-24,CHN-1023,20,0
2025-03-31,CHN-1023,9,0
2025-04-07,CHN-1023,16,0
2025-04-14,CHN-1023,28,1
2025-04-21,CHN-1023,11,0
2025-04-28,CHN-1023,13,0
2025-05-05,CHN-1023,11,0
2025-05-12,CHN-1023,35,1
2025-05-19,CHN-1023,10,0
2025-05-26,CHN-1023,9,0
2025-06-02,CHN-1023,16,0
2025-06-09,CHN-1023,10,0
2025-06-16,CHN-1023,9,0
2025-06-23,CHN-1023,14,0
2025-06-30,CHN-1023,16,0
2025-07-07,CHN-1023,9,0
2025-07-14,CHN-1023,12,0
2025-07-21,CHN-1023,15,0
2025-07-28,CHN-1023,38,1
2025-08-04,CHN-1023,16,1
2025-08-11,CHN-1023,19,0
2025-08-18,CHN-1023,12,1
2025-08-25,CHN-1023,11,0
2025-09-01,CHN-1023,12,0
2025-09-08,CHN-1023,11,0
2025-09-15,CHN-1023,15,0
2025-09-22,CHN-1023,18,0
2025-09-29,CHN-1023,18,0
2025-10-06,CHN-1023,26,0
2025-10-13,CHN-1023,25,0
2025-10-20,CHN-1023,24,0
2025-10-27,CHN-1023,35,0
2025-11-03,CHN-1023,47,1
2025-11-10,CHN-1023,19,0
2025-11-17,CHN-1023,29,0
2025-11-24,CHN-1023,21,0
2025-12-01,CHN-1023,15,0
2025-12-08,CHN-1023,21,0
2025-12-15,CHN-1023,26,0
2025-12-22,CHN-1023,22,0
2025-12-29,CHN-1023,24,0
2026-01-05,CHN-1023,26,0
2026-01-12,CHN-1023,34,0
2026-01-19,CHN-1023,25,0
2026-01-26,CHN-1023,40,1
2026-02-02,CHN-1023,23,0
2026-02-09,CHN-1023,17,0
2026-02-16,CHN-1023,20,0
2026-02-23,CHN-1023,29,0
2026-03-02,CHN-1023,27,0
2026-03-09,CHN-1023,25,0
2026-03-16,CHN-1023,19,0
2026-03-23,CHN-1023,32,0
2026-03-30,CHN-1023,26,0
2026-04-06,CHN-1023,28,0
2026-04-13,CHN-1023,30,0
2026-04-20,CHN-1023,24,0
2026-04-27,CHN-1023,17,0
2026-05-04,CHN-1023,42,1
2026-05-11,CHN-1023,20,0
2026-05-18,CHN-1023,30,0
2026-05-25,CHN-1023,18,0
2026-06-01,CHN-1023,22,0
2026-06-08,CHN-1023,20,0
2024-12-16,FIL-1042,53,0
2024-12-23,FIL-1042,42,0
2024-12-30,FIL-1042,36,0
2025-01-06,FIL-1042,84,1
2025-01-13,FIL-1042,32,0
2025-01-20,FIL-1042,51,0
2025-01-27,FIL-1042,40,0
2025-02-03,FIL-1042,35,0
2025-02-10,FIL-1042,95,1
2025-02-17,FIL-1042,60,1
2025-02-24,FIL-1042,35,0
2025-03-03,FIL-1042,42,0
2025-03-10,FIL-1042,55,1
2025-03-17,FIL-1042,41,0
2025-03-24,FIL-1042,35,0
2025-03-31,FIL-1042,35,0
2025-04-07,FIL-1042,25,0
2025-04-14,FIL-1042,28,0
2025-04-21,FIL-1042,60,1
2025-04-28,FIL-1042,85,1
2025-05-05,FIL-1042,33,0
2025-05-12,FIL-1042,31,0
2025-05-19,FIL-1042,34,0
2025-05-26,FIL-1042,28,0
2025-06-02,FIL-1042,34,0
2025-06-09,FIL-1042,25,0
2025-06-16,FIL-1042,28,0
2025-06-23,FIL-1042,35,0
2025-06-30,FIL-1042,41,0
2025-07-07,FIL-1042,34,0
2025-07-14,FIL-1042,38,0
2025-07-21,FIL-1042,65,1
2025-07-28,FIL-1042,41,0
2025-08-04,FIL-1042,45,0
2025-08-11,FIL-1042,43,0
2025-08-18,FIL-1042,53,0
2025-08-25,FIL-1042,54,0
2025-09-01,FIL-1042,46,0
2025-09-08,FIL-1042,31,0
2025-09-15,FIL-1042,44,0
2025-09-22,FIL-1042,59,0
2025-09-29,FIL-1042,80,1
2025-10-06,FIL-1042,53,0
2025-10-13,FIL-1042,74,0
2025-10-20,FIL-1042,67,0
2025-10-27,FIL-1042,81,0
2025-11-03,FIL-1042,71,0
2025-11-10,FIL-1042,56,0
2025-11-17,FIL-1042,66,0
2025-11-24,FIL-1042,62,0
2025-12-01,FIL-1042,44,0
2025-12-08,FIL-1042,50,0
2025-12-15,FIL-1042,48,0
2025-12-22,FIL-1042,36,0
2025-12-29,FIL-1042,47,0
2026-01-05,FIL-1042,50,0
2026-01-12,FIL-1042,41,0
2026-01-19,FIL-1042,35,0
2026-01-26,FIL-1042,28,0
2026-02-02,FIL-1042,37,0
2026-02-09,FIL-1042,46,0
2026-02-16,FIL-1042,35,0
2026-02-23,FIL-1042,41,0
2026-03-02,FIL-1042,35,0
2026-03-09,FIL-1042,36,0
2026-03-16,FIL-1042,45,0
2026-03-23,FIL-1042,30,0
2026-03-30,FIL-1042,37,0
2026-04-06,FIL-1042,38,0
2026-04-13,FIL-1042,32,0
2026-04-20,FIL-1042,31,0
2026-04-27,FIL-1042,65,1
2026-05-04,FIL-1042,28,0
2026-05-11,FIL-1042,24,0
2026-05-18,FIL-1042,29,0
2026-05-25,FIL-1042,23,0
2026-06-01,FIL-1042,32,0
2026-06-08,FIL-1042,29,0
2024-12-16,FIL-1023,31,0
2024-12-23,FIL-1023,29,0
2024-12-30,FIL-1023,35,0
2025-01-06,FIL-1023,33,0
2025-01-13,FIL-1023,35,0
2025-01-20,FIL-1023,23,0
2025-01-27,FIL-1023,28,0
2025-02-03,FIL-1023,67,1
2025-02-10,FIL-1023,30,0
2025-02-17,FIL-1023,42,0
2025-02-24,FIL-1023,66,1
2025-03-03,FIL-1023,30,0
2025-03-10,FIL-1023,31,0
2025-03-17,FIL-1023,29,0
2025-03-24,FIL-1023,30,0
2025-03-31,FIL-1023,25,0
2025-04-07,FIL-1023,24,0
2025-04-14,FIL-1023,22,0
2025-04-21,FIL-1023,36,0
2025-04-28,FIL-1023,26,0
2025-05-05,FIL-1023,31,0
2025-05-12,FIL-1023,25,0
2025-05-19,FIL-1023,16,0
2025-05-26,FIL-1023,45,1
2025-06-02,FIL-1023,61,1
2025-06-09,FIL-1023,25,0
2025-06-16,FIL-1023,25,0
2025-06-23,FIL-1023,22,0
2025-06-30,FIL-1023,24,0
2025-07-07,FIL-1023,27,0
2025-07-14,FIL-1023,26,0
2025-07-21,FIL-1023,15,0
2025-07-28,FIL-1023,17,0
2025-08-04,FIL-1023,18,0
2025-08-11,FIL-1023,27,0
2025-08-18,FIL-1023,9,0
2025-08-25,FIL-1023,26,0
2025-09-01,FIL-1023,29,0
2025-09-08,FIL-1023,24,0
2025-09-15,FIL-1023,23,0
2025-09-22,FIL-1023,21,0
2025-09-29,FIL-1023,34,0
2025-10-06,FIL-1023,39,0
2025-10-13,FIL-1023,33,0
2025-10-20,FIL-1023,41,0
2025-10-27,FIL-1023,46,0
2025-11-03,FIL-1023,35,0
2025-11-10,FIL-1023,102,1
2025-11-17,FIL-1023,49,0
2025-11-24,FIL-1023,55,0
2025-12-01,FIL-1023,46,0
2025-12-08,FIL-1023,46,0
2025-12-15,FIL-1023,28,0
2025-12-22,FIL-1023,30,0
2025-12-29,FIL-1023,33,0
2026-01-05,FIL-1023,38,0
2026-01-12,FIL-1023,38,0
2026-01-19,FIL-1023,44,0
2026-01-26,FIL-1023,32,0
2026-02-02,FIL-1023,43,0
2026-02-09,FIL-1023,44,0
2026-02-16,FIL-1023,44,0
2026-02-23,FIL-1023,50,0
2026-03-02,FIL-1023,60,0
2026-03-09,FIL-1023,37,0
2026-03-16,FIL-1023,62,1
2026-03-23,FIL-1023,38,0
2026-03-30,FIL-1023,43,0
2026-04-06,FIL-1023,32,0
2026-04-13,FIL-1023,40,0
2026-04-20,FIL-1023,29,0
2026-04-27,FIL-1023,34,0
2026-05-04,FIL-1023,30,0
2026-05-11,FIL-1023,29,0
2026-05-18,FIL-1023,26,0
2026-05-25,FIL-1023,31,0
2026-06-01,FIL-1023,36,0
2026-06-08,FIL-1023,34,0
2024-12-16,BRK-1036,26,0
2024-12-23,BRK-1036,10,0
2024-12-30,BRK-1036,19,0
2025-01-06,BRK-1036,19,0
2025-01-13,BRK-1036,22,0
2025-01-20,BRK-1036,24,0
2025-01-27,BRK-1036,27,0
2025-02-03,BRK-1036,18,0
2025-02-10,BRK-1036,20,0
2025-02-17,BRK-1036,35,1
2025-02-24,BRK-1036,25,0
2025-03-03,BRK-1036,21,0
2025-03-10,BRK-1036,21,0
2025-03-17,BRK-1036,22,0
2025-03-24,BRK-1036,15,0
2025-03-31,BRK-1036,21,0
2025-04-07,BRK-1036,18,0
2025-04-14,BRK-1036,17,0
2025-04-21,BRK-1036,32,1
2025-04-28,BRK-1036,21,0
2025-05-05,BRK-1036,20,0
2025-05-12,BRK-1036,24,0
2025-05-19,BRK-1036,21,0
2025-05-26,BRK-1036,17,0
2025-06-02,BRK-1036,19,0
2025-06-09,BRK-1036,29,0
2025-06-16,BRK-1036,33,0
2025-06-23,BRK-1036,21,0
2025-06-30,BRK-1036,21,1
2025-07-07,BRK-1036,19,0
2025-07-14,BRK-1036,24,0
2025-07-21,BRK-1036,15,0
2025-07-28,BRK-1036,19,0
2025-08-04,BRK-1036,19,0
2025-08-11,BRK-1036,14,0
2025-08-18,BRK-1036,24,0
2025-08-25,BRK-1036,19,0
2025-09-01,BRK-1036,15,0
2025-09-08,BRK-1036,34,1
2025-09-15,BRK-1036,17,0
2025-09-22,BRK-1036,21,0
2025-09-29,BRK-1036,17,0
2025-10-06,BRK-1036,48,1
2025-10-13,BRK-1036,21,0
2025-10-20,BRK-1036,42,1
2025-10-27,BRK-1036,27,0
2025-11-03,BRK-1036,18,0
2025-11-10,BRK-1036,19,0
2025-11-17,BRK-1036,17,0
2025-11-24,BRK-1036,19,0
2025-12-01,BRK-1036,17,0
2025-12-08,BRK-1036,15,0
2025-12-15,BRK-1036,29,1
2025-12-22,BRK-1036,17,0
2025-12-29,BRK-1036,19,0
2026-01-05,BRK-1036,21,0
2026-01-12,BRK-1036,13,0
2026-01-19,BRK-1036,31,1
2026-01-26,BRK-1036,16,0
2026-02-02,BRK-1036,25,1
2026-02-09,BRK-1036,13,0
2026-02-16,BRK-1036,18,0
2026-02-23,BRK-1036,19,0
2026-03-02,BRK-1036,27,0
2026-03-09,BRK-1036,14,0
2026-03-16,BRK-1036,25,0
2026-03-23,BRK-1036,20,0
2026-03-30,BRK-1036,21,0
2026-04-06,BRK-1036,21,0
2026-04-13,BRK-1036,17,0
2026-04-20,BRK-1036,23,0
2026-04-27,BRK-1036,26,0
2026-05-04,BRK-1036,49,1
2026-05-11,BRK-1036,23,0
2026-05-18,BRK-1036,16,0
2026-05-25,BRK-1036,16,0
2026-06-01,BRK-1036,20,0
2026-06-08,BRK-1036,17,0
2024-12-16,FIL-1024,6,0
2024-12-23,FIL-1024,16,0
2024-12-30,FIL-1024,23,0
2025-01-06,FIL-1024,8,0
2025-01-13,FIL-1024,12,0
2025-01-20,FIL-1024,12,0
2025-01-27,FIL-1024,13,0
2025-02-03,FIL-1024,13,0
2025-02-10,FIL-1024,6,0
2025-02-17,FIL-1024,12,0
2025-02-24,FIL-1024,14,0
2025-03-03,FIL-1024,13,0
2025-03-10,FIL-1024,13,0
2025-03-17,FIL-1024,8,0
2025-03-24,FIL-1024,14,0
2025-03-31,FIL-1024,24,1
2025-04-07,FIL-1024,19,0
2025-04-14,FIL-1024,13,0
2025-04-21,FIL-1024,14,0
2025-04-28,FIL-1024,10,0
2025-05-05,FIL-1024,26,1
2025-05-12,FIL-1024,8,0
2025-05-19,FIL-1024,13,0
2025-05-26,FIL-1024,14,0
2025-06-02,FIL-1024,16,0
2025-06-09,FIL-1024,7,0
2025-06-16,FIL-1024,12,0
2025-06-23,FIL-1024,13,0
2025-06-30,FIL-1024,9,0
2025-07-07,FIL-1024,5,0
2025-07-14,FIL-1024,11,0
2025-07-21,FIL-1024,9,0
2025-07-28,FIL-1024,10,0
2025-08-04,FIL-1024,12,0
2025-08-11,FIL-1024,7,0
2025-08-18,FIL-1024,12,0
2025-08-25,FIL-1024,10,0
2025-09-01,FIL-1024,17,0
2025-09-08,FIL-1024,6,0
2025-09-15,FIL-1024,4,0
2025-09-22,FIL-1024,10,0
2025-09-29,FIL-1024,6,0
2025-10-06,FIL-1024,16,0
2025-10-13,FIL-1024,14,0
2025-10-20,FIL-1024,6,0
2025-10-27,FIL-1024,21,1
2025-11-03,FIL-1024,10,0
2025-11-10,FIL-1024,14,0
2025-11-17,FIL-1024,10,0
2025-11-24,FIL-1024,10,0
2025-12-01,FIL-1024,11,0
2025-12-08,FIL-1024,10,0
2025-12-15,FIL-1024,12,0
2025-12-22,FIL-1024,12,0
2025-12-29,FIL-1024,11,0
2026-01-05,FIL-1024,11,0
2026-01-12,FIL-1024,13,0
2026-01-19,FIL-1024,13,0
2026-01-26,FIL-1024,10,0
2026-02-02,FIL-1024,6,0
2026-02-09,FIL-1024,16,0
2026-02-16,FIL-1024,12,0
2026-02-23,FIL-1024,14,0
2026-03-02,FIL-1024,12,0
2026-03-09,FIL-1024,16,0
2026-03-16,FIL-1024,14,0
2026-03-23,FIL-1024,17,0
2026-03-30,FIL-1024,18,1
2026-04-06,FIL-1024,33,1
2026-04-13,FIL-1024,13,0
2026-04-20,FIL-1024,11,0
2026-04-27,FIL-1024,6,0
2026-05-04,FIL-1024,14,0
2026-05-11,FIL-1024,12,0
2026-05-18,FIL-1024,10,0
2026-05-25,FIL-1024,11,0
2026-06-01,FIL-1024,15,0
2026-06-08,FIL-1024,14,0
2024-12-16,FIL-1040,116,1
2024-12-23,FIL-1040,44,0
2024-12-30,FIL-1040,32,0
2025-01-06,FIL-1040,36,0
2025-01-13,FIL-1040,75,1
2025-01-20,FIL-1040,45,0
2025-01-27,FIL-1040,43,0
2025-02-03,FIL-1040,37,0
2025-02-10,FIL-1040,25,0
2025-02-17,FIL-1040,23,0
2025-02-24,FIL-1040,36,0
2025-03-03,FIL-1040,36,0
2025-03-10,FIL-1040,39,0
2025-03-17,FIL-1040,45,0
2025-03-24,FIL-1040,31,0
2025-03-31,FIL-1040,40,0
2025-04-07,FIL-1040,31,0
2025-04-14,FIL-1040,39,0
2025-04-21,FIL-1040,38,0
2025-04-28,FIL-1040,42,0
2025-05-05,FIL-1040,33,0
2025-05-12,FIL-1040,37,0
2025-05-19,FIL-1040,42,0
2025-05-26,FIL-1040,47,0
2025-06-02,FIL-1040,62,0
2025-06-09,FIL-1040,118,1
2025-06-16,FIL-1040,59,0
2025-06-23,FIL-1040,55,0
2025-06-30,FIL-1040,52,0
2025-07-07,FIL-1040,68,0
2025-07-14,FIL-1040,56,0
2025-07-21,FIL-1040,56,0
2025-07-28,FIL-1040,63,0
2025-08-04,FIL-1040,98,1
2025-08-11,FIL-1040,59,0
2025-08-18,FIL-1040,64,0
2025-08-25,FIL-1040,67,0
2025-09-01,FIL-1040,57,0
2025-09-08,FIL-1040,69,0
2025-09-15,FIL-1040,63,0
2025-09-22,FIL-1040,71,0
2025-09-29,FIL-1040,46,0
2025-10-06,FIL-1040,78,0
2025-10-13,FIL-1040,79,0
2025-10-20,FIL-1040,65,0
2025-10-27,FIL-1040,74,0
2025-11-03,FIL-1040,62,0
2025-11-10,FIL-1040,59,0
2025-11-17,FIL-1040,62,0
2025-11-24,FIL-1040,38,0
2025-12-01,FIL-1040,37,0
2025-12-08,FIL-1040,36,0
2025-12-15,FIL-1040,52,0
2025-12-22,FIL-1040,43,0
2025-12-29,FIL-1040,85,1
2026-01-05,FIL-1040,35,0
2026-01-12,FIL-1040,32,0
2026-01-19,FIL-1040,36,0
2026-01-26,FIL-1040,61,1
2026-02-02,FIL-1040,37,0
2026-02-09,FIL-1040,28,0
2026-02-16,FIL-1040,37,0
2026-02-23,FIL-1040,32,0
2026-03-02,FIL-1040,36,0
2026-03-09,FIL-1040,21,0
2026-03-16,FIL-1040,28,0
2026-03-23,FIL-1040,32,0
2026-03-30,FIL-1040,35,0
2026-04-06,FIL-1040,35,0
2026-04-13,FIL-1040,34,0
2026-04-20,FIL-1040,41,0
2026-04-27,FIL-1040,37,0
2026-05-04,FIL-1040,42,0
2026-05-11,FIL-1040,41,0
2026-05-18,FIL-1040,46,0
2026-05-25,FIL-1040,53,0
2026-06-01,FIL-1040,44,0
2026-06-08,FIL-1040,140,1
2024-12-16,BRK-1074,12,0
2024-12-23,BRK-1074,9,0
2024-12-30,BRK-1074,33,1
2025-01-06,BRK-1074,11,0
2025-01-13,BRK-1074,16,0
2025-01-20,BRK-1074,10,0
2025-01-27,BRK-1074,11,0
2025-02-03,BRK-1074,11,0
2025-02-10,BRK-1074,14,0
2025-02-17,BRK-1074,9,0
2025-02-24,BRK-1074,9,0
2025-03-03,BRK-1074,14,0
2025-03-10,BRK-1074,5,0
2025-03-17,BRK-1074,29,1
2025-03-24,BRK-1074,8,0
2025-03-31,BRK-1074,9,0
2025-04-07,BRK-1074,9,0
2025-04-14,BRK-1074,17,0
2025-04-21,BRK-1074,12,0
2025-04-28,BRK-1074,19,0
2025-05-05,BRK-1074,15,0
2025-05-12,BRK-1074,30,1
2025-05-19,BRK-1074,17,0
2025-05-26,BRK-1074,22,0
2025-06-02,BRK-1074,44,1
2025-06-09,BRK-1074,27,1
2025-06-16,BRK-1074,24,0
2025-06-23,BRK-1074,12,0
2025-06-30,BRK-1074,21,0
2025-07-07,BRK-1074,10,0
2025-07-14,BRK-1074,25,0
2025-07-21,BRK-1074,19,0
2025-07-28,BRK-1074,24,0
2025-08-04,BRK-1074,13,0
2025-08-11,BRK-1074,18,0
2025-08-18,BRK-1074,24,0
2025-08-25,BRK-1074,15,0
2025-09-01,BRK-1074,15,0
2025-09-08,BRK-1074,16,0
2025-09-15,BRK-1074,13,0
2025-09-22,BRK-1074,28,1
2025-09-29,BRK-1074,17,0
2025-10-06,BRK-1074,31,0
2025-10-13,BRK-1074,23,0
2025-10-20,BRK-1074,16,0
2025-10-27,BRK-1074,10,0
2025-11-03,BRK-1074,35,1
2025-11-10,BRK-1074,18,0
2025-11-17,BRK-1074,12,0
2025-11-24,BRK-1074,16,0
2025-12-01,BRK-1074,13,0
2025-12-08,BRK-1074,9,0
2025-12-15,BRK-1074,14,0
2025-12-22,BRK-1074,15,0
2025-12-29,BRK-1074,10,0
2026-01-05,BRK-1074,8,0
2026-01-12,BRK-1074,9,0
2026-01-19,BRK-1074,25,1
2026-01-26,BRK-1074,14,0
2026-02-02,BRK-1074,11,0
2026-02-09,BRK-1074,13,0
2026-02-16,BRK-1074,4,0
2026-02-23,BRK-1074,6,0
2026-03-02,BRK-1074,19,0
2026-03-09,BRK-1074,10,0
2026-03-16,BRK-1074,24,1
2026-03-23,BRK-1074,33,1
2026-03-30,BRK-1074,15,0
2026-04-06,BRK-1074,13,0
2026-04-13,BRK-1074,8,0
2026-04-20,BRK-1074,7,0
2026-04-27,BRK-1074,10,0
2026-05-04,BRK-1074,8,0
2026-05-11,BRK-1074,6,0
2026-05-18,BRK-1074,11,0
2026-05-25,BRK-1074,19,0
2026-06-01,BRK-1074,14,0
2026-06-08,BRK-1074,11,0
2024-12-16,ELE-1012,15,0
2024-12-23,ELE-1012,21,0
2024-12-30,ELE-1012,20,0
2025-01-06,ELE-1012,14,0
2025-01-13,ELE-1012,11,0
2025-01-20,ELE-1012,22,0
2025-01-27,ELE-1012,18,0
2025-02-03,ELE-1012,37,1
2025-02-10,ELE-1012,43,1
2025-02-17,ELE-1012,16,0
2025-02-24,ELE-1012,23,0
2025-03-03,ELE-1012,21,0
2025-03-10,ELE-1012,22,0
2025-03-17,ELE-1012,18,0
2025-03-24,ELE-1012,44,1
2025-03-31,ELE-1012,22,0
2025-04-07,ELE-1012,27,0
2025-04-14,ELE-1012,24,0
2025-04-21,ELE-1012,18,0
2025-04-28,ELE-1012,23,0
2025-05-05,ELE-1012,65,1
2025-05-12,ELE-1012,29,0
2025-05-19,ELE-1012,22,0
2025-05-26,ELE-1012,22,0
2025-06-02,ELE-1012,21,0
2025-06-09,ELE-1012,29,0
2025-06-16,ELE-1012,33,0
2025-06-23,ELE-1012,35,0
2025-06-30,ELE-1012,32,0
2025-07-07,ELE-1012,57,1
2025-07-14,ELE-1012,24,0
2025-07-21,ELE-1012,35,0
2025-07-28,ELE-1012,32,0
2025-08-04,ELE-1012,33,0
2025-08-11,ELE-1012,35,0
2025-08-18,ELE-1012,27,0
2025-08-25,ELE-1012,38,0
2025-09-01,ELE-1012,39,0
2025-09-08,ELE-1012,26,0
2025-09-15,ELE-1012,25,0
2025-09-22,ELE-1012,29,0
2025-09-29,ELE-1012,74,1
2025-10-06,ELE-1012,32,0
2025-10-13,ELE-1012,28,0
2025-10-20,ELE-1012,25,0
2025-10-27,ELE-1012,23,0
2025-11-03,ELE-1012,31,0
2025-11-10,ELE-1012,27,0
2025-11-17,ELE-1012,31,0
2025-11-24,ELE-1012,34,0
2025-12-01,ELE-1012,24,0
2025-12-08,ELE-1012,26,0
2025-12-15,ELE-1012,23,0
2025-12-22,ELE-1012,18,0
2025-12-29,ELE-1012,19,0
2026-01-05,ELE-1012,27,0
2026-01-12,ELE-1012,14,0
2026-01-19,ELE-1012,32,0
2026-01-26,ELE-1012,22,0
2026-02-02,ELE-1012,25,0
2026-02-09,ELE-1012,16,0
2026-02-16,ELE-1012,28,0
2026-02-23,ELE-1012,36,0
2026-03-02,ELE-1012,32,0
2026-03-09,ELE-1012,29,0
2026-03-16,ELE-1012,25,0
2026-03-23,ELE-1012,34,0
2026-03-30,ELE-1012,27,0
2026-04-06,ELE-1012,21,0
2026-04-13,ELE-1012,51,1
2026-04-20,ELE-1012,41,0
2026-04-27,ELE-1012,36,0
2026-05-04,ELE-1012,34,0
2026-05-11,ELE-1012,28,0
2026-05-18,ELE-1012,32,0
2026-05-25,ELE-1012,45,0
2026-06-01,ELE-1012,41,0
2026-06-08,ELE-1012,43,0
2024-12-16,GRP-1003,10,0
2024-12-23,GRP-1003,9,0
2024-12-30,GRP-1003,9,0
2025-01-06,GRP-1003,6,0
2025-01-13,GRP-1003,4,0
2025-01-20,GRP-1003,9,0
2025-01-27,GRP-1003,6,0
2025-02-03,GRP-1003,5,0
2025-02-10,GRP-1003,7,0
2025-02-17,GRP-1003,7,0
2025-02-24,GRP-1003,14,1
2025-03-03,GRP-1003,16,0
2025-03-10,GRP-1003,7,0
2025-03-17,GRP-1003,8,0
2025-03-24,GRP-1003,5,0
2025-03-31,GRP-1003,14,0
2025-04-07,GRP-1003,19,1
2025-04-14,GRP-1003,11,0
2025-04-21,GRP-1003,7,0
2025-04-28,GRP-1003,10,0
2025-05-05,GRP-1003,16,1
2025-05-12,GRP-1003,16,1
2025-05-19,GRP-1003,6,0
2025-05-26,GRP-1003,6,0
2025-06-02,GRP-1003,3,0
2025-06-09,GRP-1003,6,0
2025-06-16,GRP-1003,8,0
2025-06-23,GRP-1003,8,0
2025-06-30,GRP-1003,6,0
2025-07-07,GRP-1003,8,0
2025-07-14,GRP-1003,4,0
2025-07-21,GRP-1003,2,0
2025-07-28,GRP-1003,9,0
2025-08-04,GRP-1003,5,0
2025-08-11,GRP-1003,8,0
2025-08-18,GRP-1003,6,0
2025-08-25,GRP-1003,6,0
2025-09-01,GRP-1003,9,0
2025-09-08,GRP-1003,5,0
2025-09-15,GRP-1003,7,1
2025-09-22,GRP-1003,13,0
2025-09-29,GRP-1003,7,0
2025-10-06,GRP-1003,13,0
2025-10-13,GRP-1003,23,1
2025-10-20,GRP-1003,11,0
2025-10-27,GRP-1003,7,0
2025-11-03,GRP-1003,11,0
2025-11-10,GRP-1003,10,0
2025-11-17,GRP-1003,10,0
2025-11-24,GRP-1003,11,0
2025-12-01,GRP-1003,9,0
2025-12-08,GRP-1003,5,0
2025-12-15,GRP-1003,14,0
2025-12-22,GRP-1003,9,0
2025-12-29,GRP-1003,10,0
2026-01-05,GRP-1003,12,0
2026-01-12,GRP-1003,34,1
2026-01-19,GRP-1003,10,0
2026-01-26,GRP-1003,8,0
2026-02-02,GRP-1003,15,0
2026-02-09,GRP-1003,8,0
2026-02-16,GRP-1003,6,0
2026-02-23,GRP-1003,13,0
2026-03-02,GRP-1003,10,0
2026-03-09,GRP-1003,14,0
2026-03-16,GRP-1003,22,1
2026-03-23,GRP-1003,13,0
2026-03-30,GRP-1003,11,0
2026-04-06,GRP-1003,14,0
2026-04-13,GRP-1003,22,0
2026-04-20,GRP-1003,9,0
2026-04-27,GRP-1003,8,0
2026-05-04,GRP-1003,9,0
2026-05-11,GRP-1003,8,0
2026-05-18,GRP-1003,7,0
2026-05-25,GRP-1003,15,0
2026-06-01,GRP-1003,5,0
2026-06-08,GRP-1003,9,0
2024-12-16,ELE-1081,34,0
2024-12-23,ELE-1081,29,0
2024-12-30,ELE-1081,30,0
2025-01-06,ELE-1081,16,0
2025-01-13,ELE-1081,24,0
2025-01-20,ELE-1081,36,0
2025-01-27,ELE-1081,31,0
2025-02-03,ELE-1081,34,0
2025-02-10,ELE-1081,19,0
2025-02-17,ELE-1081,25,0
2025-02-24,ELE-1081,23,0
2025-03-03,ELE-1081,28,0
2025-03-10,ELE-1081,24,0
2025-03-17,ELE-1081,24,0
2025-03-24,ELE-1081,15,0
2025-03-31,ELE-1081,23,0
2025-04-07,ELE-1081,22,0
2025-04-14,ELE-1081,44,1
2025-04-21,ELE-1081,23,0
2025-04-28,ELE-1081,34,1
2025-05-05,ELE-1081,20,0
2025-05-12,ELE-1081,21,0
2025-05-19,ELE-1081,18,0
2025-05-26,ELE-1081,17,0
2025-06-02,ELE-1081,15,0
2025-06-09,ELE-1081,19,0
2025-06-16,ELE-1081,24,0
2025-06-23,ELE-1081,43,1
2025-06-30,ELE-1081,17,0
2025-07-07,ELE-1081,34,1
2025-07-14,ELE-1081,23,0
2025-07-21,ELE-1081,18,0
2025-07-28,ELE-1081,26,0
2025-08-04,ELE-1081,28,0
2025-08-11,ELE-1081,28,0
2025-08-18,ELE-1081,23,0
2025-08-25,ELE-1081,23,0
2025-09-01,ELE-1081,25,0
2025-09-08,ELE-1081,17,0
2025-09-15,ELE-1081,32,0
2025-09-22,ELE-1081,24,0
2025-09-29,ELE-1081,22,0
2025-10-06,ELE-1081,41,0
2025-10-13,ELE-1081,30,0
2025-10-20,ELE-1081,37,0
2025-10-27,ELE-1081,29,0
2025-11-03,ELE-1081,52,1
2025-11-10,ELE-1081,27,0
2025-11-17,ELE-1081,28,0
2025-11-24,ELE-1081,38,0
2025-12-01,ELE-1081,29,0
2025-12-08,ELE-1081,32,0
2025-12-15,ELE-1081,63,1
2025-12-22,ELE-1081,20,0
2025-12-29,ELE-1081,22,0
2026-01-05,ELE-1081,27,0
2026-01-12,ELE-1081,26,0
2026-01-19,ELE-1081,19,0
2026-01-26,ELE-1081,19,0
2026-02-02,ELE-1081,27,0
2026-02-09,ELE-1081,18,0
2026-02-16,ELE-1081,19,0
2026-02-23,ELE-1081,15,0
2026-03-02,ELE-1081,24,0
2026-03-09,ELE-1081,21,0
2026-03-16,ELE-1081,16,0
2026-03-23,ELE-1081,25,0
2026-03-30,ELE-1081,16,0
2026-04-06,ELE-1081,19,0
2026-04-13,ELE-1081,17,0
2026-04-20,ELE-1081,18,0
2026-04-27,ELE-1081,13,0
2026-05-04,ELE-1081,13,0
2026-05-11,ELE-1081,18,0
2026-05-18,ELE-1081,22,0
2026-05-25,ELE-1081,20,0
2026-06-01,ELE-1081,18,0
2026-06-08,ELE-1081,17,0
2024-12-16,GRP-1056,24,0
2024-12-23,GRP-1056,33,0
2024-12-30,GRP-1056,26,0
2025-01-06,GRP-1056,15,0
2025-01-13,GRP-1056,28,0
2025-01-20,GRP-1056,18,0
2025-01-27,GRP-1056,25,0
2025-02-03,GRP-1056,15,0
2025-02-10,GRP-1056,33,0
2025-02-17,GRP-1056,27,1
2025-02-24,GRP-1056,31,1
2025-03-03,GRP-1056,14,0
2025-03-10,GRP-1056,17,0
2025-03-17,GRP-1056,18,0
2025-03-24,GRP-1056,24,1
2025-03-31,GRP-1056,13,0
2025-04-07,GRP-1056,17,0
2025-04-14,GRP-1056,16,0
2025-04-21,GRP-1056,22,0
2025-04-28,GRP-1056,17,0
2025-05-05,GRP-1056,16,0
2025-05-12,GRP-1056,9,0
2025-05-19,GRP-1056,23,0
2025-05-26,GRP-1056,16,0
2025-06-02,GRP-1056,23,0
2025-06-09,GRP-1056,21,0
2025-06-16,GRP-1056,22,0
2025-06-23,GRP-1056,17,0
2025-06-30,GRP-1056,25,1
2025-07-07,GRP-1056,12,0
2025-07-14,GRP-1056,20,0
2025-07-21,GRP-1056,29,0
2025-07-28,GRP-1056,25,0
2025-08-04,GRP-1056,28,0
2025-08-11,GRP-1056,22,0
2025-08-18,GRP-1056,21,0
2025-08-25,GRP-1056,18,0
2025-09-01,GRP-1056,35,0
2025-09-08,GRP-1056,38,0
2025-09-15,GRP-1056,22,0
2025-09-22,GRP-1056,33,0
2025-09-29,GRP-1056,30,0
2025-10-06,GRP-1056,44,0
2025-10-13,GRP-1056,30,0
2025-10-20,GRP-1056,29,0
2025-10-27,GRP-1056,44,0
2025-11-03,GRP-1056,41,0
2025-11-10,GRP-1056,37,0
2025-11-17,GRP-1056,39,0
2025-11-24,GRP-1056,34,0
2025-12-01,GRP-1056,53,1
2025-12-08,GRP-1056,26,0
2025-12-15,GRP-1056,30,0
2025-12-22,GRP-1056,45,1
2025-12-29,GRP-1056,22,0
2026-01-05,GRP-1056,19,0
2026-01-12,GRP-1056,23,0
2026-01-19,GRP-1056,27,0
2026-01-26,GRP-1056,22,0
2026-02-02,GRP-1056,17,0
2026-02-09,GRP-1056,17,0
2026-02-16,GRP-1056,20,0
2026-02-23,GRP-1056,27,0
2026-03-02,GRP-1056,32,1
2026-03-09,GRP-1056,18,0
2026-03-16,GRP-1056,19,0
2026-03-23,GRP-1056,19,0
2026-03-30,GRP-1056,12,0
2026-04-06,GRP-1056,35,1
2026-04-13,GRP-1056,13,0
2026-04-20,GRP-1056,20,0
2026-04-27,GRP-1056,41,1
2026-05-04,GRP-1056,15,0
2026-05-11,GRP-1056,43,1
2026-05-18,GRP-1056,15,0
2026-05-25,GRP-1056,20,0
2026-06-01,GRP-1056,20,0
2026-06-08,GRP-1056,23,0
2024-12-16,CHN-1059,29,0
2024-12-23,CHN-1059,31,0
2024-12-30,CHN-1059,26,0
2025-01-06,CHN-1059,38,0
2025-01-13,CHN-1059,28,0
2025-01-20,CHN-1059,37,0
2025-01-27,CHN-1059,36,0
2025-02-03,CHN-1059,41,0
2025-02-10,CHN-1059,27,0
2025-02-17,CHN-1059,37,0
2025-02-24,CHN-1059,34,0
2025-03-03,CHN-1059,36,0
2025-03-10,CHN-1059,43,0
2025-03-17,CHN-1059,45,0
2025-03-24,CHN-1059,79,1
2025-03-31,CHN-1059,79,1
2025-04-07,CHN-1059,44,0
2025-04-14,CHN-1059,40,0
2025-04-21,CHN-1059,40,0
2025-04-28,CHN-1059,43,0
2025-05-05,CHN-1059,44,0
2025-05-12,CHN-1059,48,0
2025-05-19,CHN-1059,36,0
2025-05-26,CHN-1059,41,0
2025-06-02,CHN-1059,33,0
2025-06-09,CHN-1059,43,0
2025-06-16,CHN-1059,37,0
2025-06-23,CHN-1059,44,0
2025-06-30,CHN-1059,36,0
2025-07-07,CHN-1059,45,0
2025-07-14,CHN-1059,72,1
2025-07-21,CHN-1059,34,0
2025-07-28,CHN-1059,86,1
2025-08-04,CHN-1059,49,0
2025-08-11,CHN-1059,59,1
2025-08-18,CHN-1059,29,0
2025-08-25,CHN-1059,57,1
2025-09-01,CHN-1059,41,0
2025-09-08,CHN-1059,38,0
2025-09-15,CHN-1059,41,0
2025-09-22,CHN-1059,86,1
2025-09-29,CHN-1059,29,0
2025-10-06,CHN-1059,31,0
2025-10-13,CHN-1059,37,0
2025-10-20,CHN-1059,36,0
2025-10-27,CHN-1059,75,1
2025-11-03,CHN-1059,36,0
2025-11-10,CHN-1059,34,0
2025-11-17,CHN-1059,36,0
2025-11-24,CHN-1059,29,0
2025-12-01,CHN-1059,24,0
2025-12-08,CHN-1059,34,1
2025-12-15,CHN-1059,30,0
2025-12-22,CHN-1059,28,0
2025-12-29,CHN-1059,64,1
2026-01-05,CHN-1059,40,0
2026-01-12,CHN-1059,39,0
2026-01-19,CHN-1059,33,0
2026-01-26,CHN-1059,55,1
2026-02-02,CHN-1059,48,0
2026-02-09,CHN-1059,35,0
2026-02-16,CHN-1059,33,0
2026-02-23,CHN-1059,40,0
2026-03-02,CHN-1059,46,0
2026-03-09,CHN-1059,92,1
2026-03-16,CHN-1059,71,1
2026-03-23,CHN-1059,35,0
2026-03-30,CHN-1059,37,0
2026-04-06,CHN-1059,41,0
2026-04-13,CHN-1059,35,0
2026-04-20,CHN-1059,75,1
2026-04-27,CHN-1059,52,0
2026-05-04,CHN-1059,53,1
2026-05-11,CHN-1059,48,0
2026-05-18,CHN-1059,41,0
2026-05-25,CHN-1059,46,0
2026-06-01,CHN-1059,43,0
2026-06-08,CHN-1059,96,1
2024-12-16,CHN-1048,26,0
2024-12-23,CHN-1048,16,0
2024-12-30,CHN-1048,14,0
2025-01-06,CHN-1048,30,0
2025-01-13,CHN-1048,21,0
2025-01-20,CHN-1048,54,1
2025-01-27,CHN-1048,20,0
2025-02-03,CHN-1048,23,0
2025-02-10,CHN-1048,18,0
2025-02-17,CHN-1048,20,0
2025-02-24,CHN-1048,23,0
2025-03-03,CHN-1048,48,1
2025-03-10,CHN-1048,16,0
2025-03-17,CHN-1048,31,0
2025-03-24,CHN-1048,28,0
2025-03-31,CHN-1048,38,1
2025-04-07,CHN-1048,26,0
2025-04-14,CHN-1048,36,0
2025-04-21,CHN-1048,39,0
2025-04-28,CHN-1048,26,0
2025-05-05,CHN-1048,41,0
2025-05-12,CHN-1048,29,0
2025-05-19,CHN-1048,31,0
2025-05-26,CHN-1048,49,0
2025-06-02,CHN-1048,53,0
2025-06-09,CHN-1048,26,0
2025-06-16,CHN-1048,60,1
2025-06-23,CHN-1048,42,0
2025-06-30,CHN-1048,22,0
2025-07-07,CHN-1048,35,0
2025-07-14,CHN-1048,34,0
2025-07-21,CHN-1048,45,0
2025-07-28,CHN-1048,40,0
2025-08-04,CHN-1048,64,1
2025-08-11,CHN-1048,29,0
2025-08-18,CHN-1048,29,0
2025-08-25,CHN-1048,62,1
2025-09-01,CHN-1048,31,0
2025-09-08,CHN-1048,29,0
2025-09-15,CHN-1048,51,0
2025-09-22,CHN-1048,34,0
2025-09-29,CHN-1048,35,0
2025-10-06,CHN-1048,51,0
2025-10-13,CHN-1048,43,0
2025-10-20,CHN-1048,33,0
2025-10-27,CHN-1048,38,0
2025-11-03,CHN-1048,38,0
2025-11-10,CHN-1048,40,0
2025-11-17,CHN-1048,17,0
2025-11-24,CHN-1048,45,0
2025-12-01,CHN-1048,33,0
2025-12-08,CHN-1048,31,0
2025-12-15,CHN-1048,34,0
2025-12-22,CHN-1048,37,1
2025-12-29,CHN-1048,28,0
2026-01-05,CHN-1048,22,0
2026-01-12,CHN-1048,23,0
2026-01-19,CHN-1048,43,1
2026-01-26,CHN-1048,31,0
2026-02-02,CHN-1048,42,1
2026-02-09,CHN-1048,26,0
2026-02-16,CHN-1048,24,0
2026-02-23,CHN-1048,36,0
2026-03-02,CHN-1048,33,0
2026-03-09,CHN-1048,23,0
2026-03-16,CHN-1048,27,0
2026-03-23,CHN-1048,35,0
2026-03-30,CHN-1048,27,0
2026-04-06,CHN-1048,38,0
2026-04-13,CHN-1048,30,0
2026-04-20,CHN-1048,47,0
2026-04-27,CHN-1048,44,0
2026-05-04,CHN-1048,46,0
2026-05-11,CHN-1048,36,0
2026-05-18,CHN-1048,36,0
2026-05-25,CHN-1048,44,0
2026-06-01,CHN-1048,25,0
2026-06-08,CHN-1048,45,0
2024-12-16,OIL-1006,11,0
2024-12-23,OIL-1006,10,0
2024-12-30,OIL-1006,20,1
2025-01-06,OIL-1006,11,0
2025-01-13,OIL-1006,7,0
2025-01-20,OIL-1006,8,0
2025-01-27,OIL-1006,9,0
2025-02-03,OIL-1006,11,0
2025-02-10,OIL-1006,10,0
2025-02-17,OIL-1006,9,0
2025-02-24,OIL-1006,12,1
2025-03-03,OIL-1006,18,1
2025-03-10,OIL-1006,11,0
2025-03-17,OIL-1006,16,0
2025-03-24,OIL-1006,13,0
2025-03-31,OIL-1006,12,0
2025-04-07,OIL-1006,5,0
2025-04-14,OIL-1006,7,0
2025-04-21,OIL-1006,5,0
2025-04-28,OIL-1006,10,0
2025-05-05,OIL-1006,3,0
2025-05-12,OIL-1006,7,0
2025-05-19,OIL-1006,12,0
2025-05-26,OIL-1006,12,0
2025-06-02,OIL-1006,12,0
2025-06-09,OIL-1006,5,0
2025-06-16,OIL-1006,10,0
2025-06-23,OIL-1006,9,0
2025-06-30,OIL-1006,6,0
2025-07-07,OIL-1006,12,0
2025-07-14,OIL-1006,14,0
2025-07-21,OIL-1006,22,1
2025-07-28,OIL-1006,8,0
2025-08-04,OIL-1006,16,0
2025-08-11,OIL-1006,9,0
2025-08-18,OIL-1006,10,0
2025-08-25,OIL-1006,9,0
2025-09-01,OIL-1006,12,0
2025-09-08,OIL-1006,12,0
2025-09-15,OIL-1006,7,0
2025-09-22,OIL-1006,12,0
2025-09-29,OIL-1006,12,0
2025-10-06,OIL-1006,23,1
2025-10-13,OIL-1006,28,1
2025-10-20,OIL-1006,25,0
2025-10-27,OIL-1006,21,0
2025-11-03,OIL-1006,26,0
2025-11-10,OIL-1006,17,0
2025-11-17,OIL-1006,20,0
2025-11-24,OIL-1006,19,0
2025-12-01,OIL-1006,17,0
2025-12-08,OIL-1006,28,0
2025-12-15,OIL-1006,16,0
2025-12-22,OIL-1006,13,0
2025-12-29,OIL-1006,13,0
2026-01-05,OIL-1006,23,0
2026-01-12,OIL-1006,22,0
2026-01-19,OIL-1006,14,0
2026-01-26,OIL-1006,15,0
2026-02-02,OIL-1006,23,0
2026-02-09,OIL-1006,42,1
2026-02-16,OIL-1006,18,0
2026-02-23,OIL-1006,20,0
2026-03-02,OIL-1006,38,1
2026-03-09,OIL-1006,15,0
2026-03-16,OIL-1006,22,0
2026-03-23,OIL-1006,36,1
2026-03-30,OIL-1006,18,0
2026-04-06,OIL-1006,19,0
2026-04-13,OIL-1006,13,0
2026-04-20,OIL-1006,28,1
2026-04-27,OIL-1006,21,0
2026-05-04,OIL-1006,14,0
2026-05-11,OIL-1006,19,0
2026-05-18,OIL-1006,12,0
2026-05-25,OIL-1006,13,0
2026-06-01,OIL-1006,6,0
2026-06-08,OIL-1006,14,0
2024-12-16,BRK-1083,62,0
2024-12-23,BRK-1083,53,0
2024-12-30,BRK-1083,58,0
2025-01-06,BRK-1083,66,0
2025-01-13,BRK-1083,64,0
2025-01-20,BRK-1083,67,0
2025-01-27,BRK-1083,50,0
2025-02-03,BRK-1083,60,0
2025-02-10,BRK-1083,37,0
2025-02-17,BRK-1083,101,1
2025-02-24,BRK-1083,45,0
2025-03-03,BRK-1083,46,0
2025-03-10,BRK-1083,40,0
2025-03-17,BRK-1083,49,0
2025-03-24,BRK-1083,44,0
2025-03-31,BRK-1083,30,0
2025-04-07,BRK-1083,37,0
2025-04-14,BRK-1083,36,0
2025-04-21,BRK-1083,32,0
2025-04-28,BRK-1083,47,0
2025-05-05,BRK-1083,41,0
2025-05-12,BRK-1083,41,0
2025-05-19,BRK-1083,44,0
2025-05-26,BRK-1083,97,1
2025-06-02,BRK-1083,43,0
2025-06-09,BRK-1083,44,0
2025-06-16,BRK-1083,50,0
2025-06-23,BRK-1083,112,1
2025-06-30,BRK-1083,60,0
2025-07-07,BRK-1083,61,0
2025-07-14,BRK-1083,105,1
2025-07-21,BRK-1083,59,0
2025-07-28,BRK-1083,63,0
2025-08-04,BRK-1083,53,0
2025-08-11,BRK-1083,56,0
2025-08-18,BRK-1083,56,0
2025-08-25,BRK-1083,103,1
2025-09-01,BRK-1083,58,0
2025-09-08,BRK-1083,61,0
2025-09-15,BRK-1083,58,0
2025-09-22,BRK-1083,116,1
2025-09-29,BRK-1083,70,0
2025-10-06,BRK-1083,92,0
2025-10-13,BRK-1083,94,0
2025-10-20,BRK-1083,98,0
2025-10-27,BRK-1083,128,1
2025-11-03,BRK-1083,93,0
2025-11-10,BRK-1083,85,0
2025-11-17,BRK-1083,95,0
2025-11-24,BRK-1083,92,0
2025-12-01,BRK-1083,73,0
2025-12-08,BRK-1083,69,0
2025-12-15,BRK-1083,57,0
2025-12-22,BRK-1083,64,0
2025-12-29,BRK-1083,66,0
2026-01-05,BRK-1083,63,0
2026-01-12,BRK-1083,64,0
2026-01-19,BRK-1083,60,0
2026-01-26,BRK-1083,130,1
2026-02-02,BRK-1083,104,1
2026-02-09,BRK-1083,57,0
2026-02-16,BRK-1083,52,0
2026-02-23,BRK-1083,63,0
2026-03-02,BRK-1083,49,0
2026-03-09,BRK-1083,55,0
2026-03-16,BRK-1083,42,0
2026-03-23,BRK-1083,52,0
2026-03-30,BRK-1083,55,0
2026-04-06,BRK-1083,56,0
2026-04-13,BRK-1083,38,0
2026-04-20,BRK-1083,55,0
2026-04-27,BRK-1083,115,1
2026-05-04,BRK-1083,55,0
2026-05-11,BRK-1083,35,0
2026-05-18,BRK-1083,68,0
2026-05-25,BRK-1083,48,0
2026-06-01,BRK-1083,49,0
2026-06-08,BRK-1083,56,0
2024-12-16,BRK-1092,24,0
2024-12-23,BRK-1092,26,0
2024-12-30,BRK-1092,25,0
2025-01-06,BRK-1092,28,0
2025-01-13,BRK-1092,28,0
2025-01-20,BRK-1092,22,0
2025-01-27,BRK-1092,24,0
2025-02-03,BRK-1092,24,0
2025-02-10,BRK-1092,26,0
2025-02-17,BRK-1092,29,0
2025-02-24,BRK-1092,33,0
2025-03-03,BRK-1092,49,1
2025-03-10,BRK-1092,62,1
2025-03-17,BRK-1092,36,0
2025-03-24,BRK-1092,41,0
2025-03-31,BRK-1092,27,0
2025-04-07,BRK-1092,37,0
2025-04-14,BRK-1092,45,0
2025-04-21,BRK-1092,44,0
2025-04-28,BRK-1092,46,0
2025-05-05,BRK-1092,29,0
2025-05-12,BRK-1092,45,0
2025-05-19,BRK-1092,46,0
2025-05-26,BRK-1092,110,1
2025-06-02,BRK-1092,53,0
2025-06-09,BRK-1092,42,0
2025-06-16,BRK-1092,54,0
2025-06-23,BRK-1092,38,0
2025-06-30,BRK-1092,31,0
2025-07-07,BRK-1092,51,0
2025-07-14,BRK-1092,47,0
2025-07-21,BRK-1092,93,1
2025-07-28,BRK-1092,40,0
2025-08-04,BRK-1092,100,1
2025-08-11,BRK-1092,40,0
2025-08-18,BRK-1092,56,0
2025-08-25,BRK-1092,51,0
2025-09-01,BRK-1092,31,0
2025-09-08,BRK-1092,49,0
2025-09-15,BRK-1092,38,0
2025-09-22,BRK-1092,43,0
2025-09-29,BRK-1092,35,0
2025-10-06,BRK-1092,56,0
2025-10-13,BRK-1092,43,0
2025-10-20,BRK-1092,41,0
2025-10-27,BRK-1092,52,0
2025-11-03,BRK-1092,45,0
2025-11-10,BRK-1092,43,0
2025-11-17,BRK-1092,43,0
2025-11-24,BRK-1092,45,0
2025-12-01,BRK-1092,26,0
2025-12-08,BRK-1092,31,0
2025-12-15,BRK-1092,55,1
2025-12-22,BRK-1092,24,0
2025-12-29,BRK-1092,36,0
2026-01-05,BRK-1092,31,0
2026-01-12,BRK-1092,59,1
2026-01-19,BRK-1092,37,0
2026-01-26,BRK-1092,30,0
2026-02-02,BRK-1092,21,0
2026-02-09,BRK-1092,37,0
2026-02-16,BRK-1092,38,0
2026-02-23,BRK-1092,29,0
2026-03-02,BRK-1092,33,0
2026-03-09,BRK-1092,35,0
2026-03-16,BRK-1092,35,0
2026-03-23,BRK-1092,35,0
2026-03-30,BRK-1092,50,0
2026-04-06,BRK-1092,69,1
2026-04-13,BRK-1092,50,0
2026-04-20,BRK-1092,72,1
2026-04-27,BRK-1092,44,0
2026-05-04,BRK-1092,107,1
2026-05-11,BRK-1092,30,0
2026-05-18,BRK-1092,55,0
2026-05-25,BRK-1092,68,0
2026-06-01,BRK-1092,45,0
2026-06-08,BRK-1092,54,0
2024-12-16,CHN-1005,7,0
2024-12-23,CHN-1005,12,1
2024-12-30,CHN-1005,11,0
2025-01-06,CHN-1005,9,0
2025-01-13,CHN-1005,13,0
2025-01-20,CHN-1005,8,0
2025-01-27,CHN-1005,13,0
2025-02-03,CHN-1005,11,0
2025-02-10,CHN-1005,12,0
2025-02-17,CHN-1005,9,0
2025-02-24,CHN-1005,10,0
2025-03-03,CHN-1005,13,0
2025-03-10,CHN-1005,7,0
2025-03-17,CHN-1005,12,0
2025-03-24,CHN-1005,8,0
2025-03-31,CHN-1005,8,0
2025-04-07,CHN-1005,11,0
2025-04-14,CHN-1005,11,0
2025-04-21,CHN-1005,19,0
2025-04-28,CHN-1005,12,0
2025-05-05,CHN-1005,18,0
2025-05-12,CHN-1005,18,0
2025-05-19,CHN-1005,9,0
2025-05-26,CHN-1005,12,0
2025-06-02,CHN-1005,16,0
2025-06-09,CHN-1005,13,0
2025-06-16,CHN-1005,11,0
2025-06-23,CHN-1005,19,0
2025-06-30,CHN-1005,18,0
2025-07-07,CHN-1005,31,1
2025-07-14,CHN-1005,15,0
2025-07-21,CHN-1005,17,0
2025-07-28,CHN-1005,23,0
2025-08-04,CHN-1005,20,0
2025-08-11,CHN-1005,19,0
2025-08-18,CHN-1005,29,1
2025-08-25,CHN-1005,10,0
2025-09-01,CHN-1005,26,1
2025-09-08,CHN-1005,7,0
2025-09-15,CHN-1005,15,0
2025-09-22,CHN-1005,15,0
2025-09-29,CHN-1005,15,0
2025-10-06,CHN-1005,19,0
2025-10-13,CHN-1005,22,0
2025-10-20,CHN-1005,16,0
2025-10-27,CHN-1005,34,1
2025-11-03,CHN-1005,12,0
2025-11-10,CHN-1005,14,0
2025-11-17,CHN-1005,11,0
2025-11-24,CHN-1005,14,0
2025-12-01,CHN-1005,17,0
2025-12-08,CHN-1005,8,0
2025-12-15,CHN-1005,10,0
2025-12-22,CHN-1005,26,1
2025-12-29,CHN-1005,12,0
2026-01-05,CHN-1005,9,0
2026-01-12,CHN-1005,18,0
2026-01-19,CHN-1005,17,0
2026-01-26,CHN-1005,17,0
2026-02-02,CHN-1005,17,0
2026-02-09,CHN-1005,18,0
2026-02-16,CHN-1005,16,0
2026-02-23,CHN-1005,16,0
2026-03-02,CHN-1005,14,0
2026-03-09,CHN-1005,15,0
2026-03-16,CHN-1005,20,0
2026-03-23,CHN-1005,23,0
2026-03-30,CHN-1005,21,0
2026-04-06,CHN-1005,20,0
2026-04-13,CHN-1005,24,0
2026-04-20,CHN-1005,37,1
2026-04-27,CHN-1005,19,0
2026-05-04,CHN-1005,20,0
2026-05-11,CHN-1005,12,0
2026-05-18,CHN-1005,19,0
2026-05-25,CHN-1005,18,0
2026-06-01,CHN-1005,23,0
2026-06-08,CHN-1005,24,0
2024-12-16,CHN-1043,38,0
2024-12-23,CHN-1043,34,0
2024-12-30,CHN-1043,36,0
2025-01-06,CHN-1043,69,1
2025-01-13,CHN-1043,43,0
2025-01-20,CHN-1043,32,0
2025-01-27,CHN-1043,49,0
2025-02-03,CHN-1043,40,0
2025-02-10,CHN-1043,48,0
2025-02-17,CHN-1043,97,1
2025-02-24,CHN-1043,49,0
2025-03-03,CHN-1043,39,0
2025-03-10,CHN-1043,91,1
2025-03-17,CHN-1043,43,0
2025-03-24,CHN-1043,71,1
2025-03-31,CHN-1043,37,0
2025-04-07,CHN-1043,54,0
2025-04-14,CHN-1043,34,0
2025-04-21,CHN-1043,43,0
2025-04-28,CHN-1043,55,0
2025-05-05,CHN-1043,59,0
2025-05-12,CHN-1043,33,0
2025-05-19,CHN-1043,46,0
2025-05-26,CHN-1043,31,0
2025-06-02,CHN-1043,41,0
2025-06-09,CHN-1043,36,0
2025-06-16,CHN-1043,31,0
2025-06-23,CHN-1043,38,0
2025-06-30,CHN-1043,39,0
2025-07-07,CHN-1043,29,0
2025-07-14,CHN-1043,29,0
2025-07-21,CHN-1043,45,1
2025-07-28,CHN-1043,27,0
2025-08-04,CHN-1043,27,0
2025-08-11,CHN-1043,29,0
2025-08-18,CHN-1043,27,0
2025-08-25,CHN-1043,23,0
2025-09-01,CHN-1043,22,0
2025-09-08,CHN-1043,24,0
2025-09-15,CHN-1043,24,0
2025-09-22,CHN-1043,30,0
2025-09-29,CHN-1043,29,0
2025-10-06,CHN-1043,33,0
2025-10-13,CHN-1043,35,0
2025-10-20,CHN-1043,33,0
2025-10-27,CHN-1043,41,0
2025-11-03,CHN-1043,32,0
2025-11-10,CHN-1043,38,0
2025-11-17,CHN-1043,101,1
2025-11-24,CHN-1043,46,0
2025-12-01,CHN-1043,40,0
2025-12-08,CHN-1043,42,0
2025-12-15,CHN-1043,45,0
2025-12-22,CHN-1043,34,0
2025-12-29,CHN-1043,38,0
2026-01-05,CHN-1043,57,0
2026-01-12,CHN-1043,31,0
2026-01-19,CHN-1043,46,0
2026-01-26,CHN-1043,41,0
2026-02-02,CHN-1043,53,0
2026-02-09,CHN-1043,56,0
2026-02-16,CHN-1043,46,0
2026-02-23,CHN-1043,30,0
2026-03-02,CHN-1043,51,0
2026-03-09,CHN-1043,46,0
2026-03-16,CHN-1043,47,0
2026-03-23,CHN-1043,39,0
2026-03-30,CHN-1043,38,0
2026-04-06,CHN-1043,53,0
2026-04-13,CHN-1043,48,0
2026-04-20,CHN-1043,52,0
2026-04-27,CHN-1043,37,0
2026-05-04,CHN-1043,56,0
2026-05-11,CHN-1043,35,0
2026-05-18,CHN-1043,46,0
2026-05-25,CHN-1043,33,0
2026-06-01,CHN-1043,40,0
2026-06-08,CHN-1043,47,0
2024-12-16,BRK-1040,7,0
2024-12-23,BRK-1040,5,0
2024-12-30,BRK-1040,19,1
2025-01-06,BRK-1040,4,0
2025-01-13,BRK-1040,6,0
2025-01-20,BRK-1040,14,0
2025-01-27,BRK-1040,11,0
2025-02-03,BRK-1040,13,0
2025-02-10,BRK-1040,14,0
2025-02-17,BRK-1040,13,0
2025-02-24,BRK-1040,24,1
2025-03-03,BRK-1040,19,0
2025-03-10,BRK-1040,16,0
2025-03-17,BRK-1040,24,1
2025-03-24,BRK-1040,17,0
2025-03-31,BRK-1040,20,0
2025-04-07,BRK-1040,12,0
2025-04-14,BRK-1040,19,0
2025-04-21,BRK-1040,18,0
2025-04-28,BRK-1040,14,0
2025-05-05,BRK-1040,21,0
2025-05-12,BRK-1040,15,0
2025-05-19,BRK-1040,13,0
2025-05-26,BRK-1040,19,0
2025-06-02,BRK-1040,20,0
2025-06-09,BRK-1040,14,0
2025-06-16,BRK-1040,13,0
2025-06-23,BRK-1040,12,0
2025-06-30,BRK-1040,15,0
2025-07-07,BRK-1040,16,0
2025-07-14,BRK-1040,8,0
2025-07-21,BRK-1040,15,0
2025-07-28,BRK-1040,10,0
2025-08-04,BRK-1040,13,0
2025-08-11,BRK-1040,15,0
2025-08-18,BRK-1040,17,0
2025-08-25,BRK-1040,9,0
2025-09-01,BRK-1040,7,0
2025-09-08,BRK-1040,16,0
2025-09-15,BRK-1040,12,0
2025-09-22,BRK-1040,16,0
2025-09-29,BRK-1040,10,0
2025-10-06,BRK-1040,11,0
2025-10-13,BRK-1040,16,0
2025-10-20,BRK-1040,18,0
2025-10-27,BRK-1040,10,0
2025-11-03,BRK-1040,16,0
2025-11-10,BRK-1040,13,0
2025-11-17,BRK-1040,12,0
2025-11-24,BRK-1040,14,0
2025-12-01,BRK-1040,5,0
2025-12-08,BRK-1040,10,0
2025-12-15,BRK-1040,9,0
2025-12-22,BRK-1040,11,0
2025-12-29,BRK-1040,10,0
2026-01-05,BRK-1040,30,1
2026-01-12,BRK-1040,15,0
2026-01-19,BRK-1040,13,0
2026-01-26,BRK-1040,8,0
2026-02-02,BRK-1040,12,0
2026-02-09,BRK-1040,16,0
2026-02-16,BRK-1040,25,1
2026-02-23,BRK-1040,22,0
2026-03-02,BRK-1040,18,0
2026-03-09,BRK-1040,19,0
2026-03-16,BRK-1040,10,0
2026-03-23,BRK-1040,14,0
2026-03-30,BRK-1040,24,0
2026-04-06,BRK-1040,34,1
2026-04-13,BRK-1040,26,0
2026-04-20,BRK-1040,23,0
2026-04-27,BRK-1040,18,0
2026-05-04,BRK-1040,17,0
2026-05-11,BRK-1040,21,0
2026-05-18,BRK-1040,26,0
2026-05-25,BRK-1040,30,0
2026-06-01,BRK-1040,16,0
2026-06-08,BRK-1040,16,0
2024-12-16,BRK-1041,44,0
2024-12-23,BRK-1041,133,1
2024-12-30,BRK-1041,56,0
2025-01-06,BRK-1041,54,0
2025-01-13,BRK-1041,54,0
2025-01-20,BRK-1041,60,0
2025-01-27,BRK-1041,70,0
2025-02-03,BRK-1041,60,0
2025-02-10,BRK-1041,73,0
2025-02-17,BRK-1041,72,0
2025-02-24,BRK-1041,145,1
2025-03-03,BRK-1041,70,0
2025-03-10,BRK-1041,64,0
2025-03-17,BRK-1041,53,0
2025-03-24,BRK-1041,67,0
2025-03-31,BRK-1041,55,0
2025-04-07,BRK-1041,73,0
2025-04-14,BRK-1041,60,0
2025-04-21,BRK-1041,69,0
2025-04-28,BRK-1041,50,0
2025-05-05,BRK-1041,100,1
2025-05-12,BRK-1041,59,0
2025-05-19,BRK-1041,54,0
2025-05-26,BRK-1041,67,0
2025-06-02,BRK-1041,53,0
2025-06-09,BRK-1041,47,0
2025-06-16,BRK-1041,53,0
2025-06-23,BRK-1041,62,0
2025-06-30,BRK-1041,39,0
2025-07-07,BRK-1041,54,0
2025-07-14,BRK-1041,46,0
2025-07-21,BRK-1041,50,0
2025-07-28,BRK-1041,42,0
2025-08-04,BRK-1041,52,0
2025-08-11,BRK-1041,40,0
2025-08-18,BRK-1041,51,0
2025-08-25,BRK-1041,44,0
2025-09-01,BRK-1041,49,0
2025-09-08,BRK-1041,45,0
2025-09-15,BRK-1041,51,0
2025-09-22,BRK-1041,47,0
2025-09-29,BRK-1041,49,0
2025-10-06,BRK-1041,58,0
2025-10-13,BRK-1041,44,0
2025-10-20,BRK-1041,66,0
2025-10-27,BRK-1041,58,0
2025-11-03,BRK-1041,46,0
2025-11-10,BRK-1041,62,0
2025-11-17,BRK-1041,54,0
2025-11-24,BRK-1041,52,0
2025-12-01,BRK-1041,46,0
2025-12-08,BRK-1041,52,0
2025-12-15,BRK-1041,49,0
2025-12-22,BRK-1041,58,0
2025-12-29,BRK-1041,52,0
2026-01-05,BRK-1041,60,0
2026-01-12,BRK-1041,46,0
2026-01-19,BRK-1041,57,0
2026-01-26,BRK-1041,69,0
2026-02-02,BRK-1041,73,0
2026-02-09,BRK-1041,57,0
2026-02-16,BRK-1041,75,0
2026-02-23,BRK-1041,55,0
2026-03-02,BRK-1041,67,0
2026-03-09,BRK-1041,109,1
2026-03-16,BRK-1041,60,0
2026-03-23,BRK-1041,49,0
2026-03-30,BRK-1041,113,1
2026-04-06,BRK-1041,64,0
2026-04-13,BRK-1041,66,0
2026-04-20,BRK-1041,51,0
2026-04-27,BRK-1041,46,0
2026-05-04,BRK-1041,52,0
2026-05-11,BRK-1041,55,0
2026-05-18,BRK-1041,100,1
2026-05-25,BRK-1041,60,0
2026-06-01,BRK-1041,52,0
2026-06-08,BRK-1041,54,0
2024-12-16,BRK-1015,11,0
2024-12-23,BRK-1015,9,0
2024-12-30,BRK-1015,13,0
2025-01-06,BRK-1015,10,0
2025-01-13,BRK-1015,8,0
2025-01-20,BRK-1015,3,0
2025-01-27,BRK-1015,15,0
2025-02-03,BRK-1015,12,0
2025-02-10,BRK-1015,9,0
2025-02-17,BRK-1015,10,0
2025-02-24,BRK-1015,7,0
2025-03-03,BRK-1015,15,0
2025-03-10,BRK-1015,2,0
2025-03-17,BRK-1015,5,0
2025-03-24,BRK-1015,5,0
2025-03-31,BRK-1015,11,0
2025-04-07,BRK-1015,9,0
2025-04-14,BRK-1015,2,0
2025-04-21,BRK-1015,19,1
2025-04-28,BRK-1015,5,0
2025-05-05,BRK-1015,3,0
2025-05-12,BRK-1015,8,0
2025-05-19,BRK-1015,15,1
2025-05-26,BRK-1015,10,0
2025-06-02,BRK-1015,4,0
2025-06-09,BRK-1015,7,0
2025-06-16,BRK-1015,4,0
2025-06-23,BRK-1015,8,0
2025-06-30,BRK-1015,6,0
2025-07-07,BRK-1015,6,0
2025-07-14,BRK-1015,4,0
2025-07-21,BRK-1015,4,0
2025-07-28,BRK-1015,5,0
2025-08-04,BRK-1015,2,0
2025-08-11,BRK-1015,5,0
2025-08-18,BRK-1015,2,0
2025-08-25,BRK-1015,3,0
2025-09-01,BRK-1015,6,0
2025-09-08,BRK-1015,8,0
2025-09-15,BRK-1015,8,0
2025-09-22,BRK-1015,10,0
2025-09-29,BRK-1015,7,0
2025-10-06,BRK-1015,11,0
2025-10-13,BRK-1015,5,0
2025-10-20,BRK-1015,12,1
2025-10-27,BRK-1015,12,1
2025-11-03,BRK-1015,12,0
2025-11-10,BRK-1015,2,0
2025-11-17,BRK-1015,11,0
2025-11-24,BRK-1015,7,0
2025-12-01,BRK-1015,12,0
2025-12-08,BRK-1015,6,0
2025-12-15,BRK-1015,4,0
2025-12-22,BRK-1015,10,0
2025-12-29,BRK-1015,6,0
2026-01-05,BRK-1015,9,1
2026-01-12,BRK-1015,7,0
2026-01-19,BRK-1015,6,0
2026-01-26,BRK-1015,3,0
2026-02-02,BRK-1015,6,0
2026-02-09,BRK-1015,4,0
2026-02-16,BRK-1015,5,0
2026-02-23,BRK-1015,6,0
2026-03-02,BRK-1015,3,0
2026-03-09,BRK-1015,7,0
2026-03-16,BRK-1015,7,1
2026-03-23,BRK-1015,7,0
2026-03-30,BRK-1015,9,0
2026-04-06,BRK-1015,12,1
2026-04-13,BRK-1015,8,0
2026-04-20,BRK-1015,8,1
2026-04-27,BRK-1015,3,0
2026-05-04,BRK-1015,7,1
2026-05-11,BRK-1015,2,0
2026-05-18,BRK-1015,6,0
2026-05-25,BRK-1015,0,0
2026-06-01,BRK-1015,3,0
2026-06-08,BRK-1015,1,0
2024-12-16,CHN-1046,7,0
2024-12-23,CHN-1046,9,0
2024-12-30,CHN-1046,9,0
2025-01-06,CHN-1046,17,0
2025-01-13,CHN-1046,9,0
2025-01-20,CHN-1046,8,0
2025-01-27,CHN-1046,20,0
2025-02-03,CHN-1046,13,0
2025-02-10,CHN-1046,13,0
2025-02-17,CHN-1046,11,0
2025-02-24,CHN-1046,15,0
2025-03-03,CHN-1046,12,0
2025-03-10,CHN-1046,17,0
2025-03-17,CHN-1046,12,0
2025-03-24,CHN-1046,16,0
2025-03-31,CHN-1046,16,0
2025-04-07,CHN-1046,16,0
2025-04-14,CHN-1046,19,0
2025-04-21,CHN-1046,6,0
2025-04-28,CHN-1046,16,0
2025-05-05,CHN-1046,11,0
2025-05-12,CHN-1046,24,0
2025-05-19,CHN-1046,24,0
2025-05-26,CHN-1046,19,0
2025-06-02,CHN-1046,20,0
2025-06-09,CHN-1046,18,0
2025-06-16,CHN-1046,18,0
2025-06-23,CHN-1046,13,0
2025-06-30,CHN-1046,15,0
2025-07-07,CHN-1046,35,1
2025-07-14,CHN-1046,14,0
2025-07-21,CHN-1046,18,0
2025-07-28,CHN-1046,20,0
2025-08-04,CHN-1046,28,0
2025-08-11,CHN-1046,17,0
2025-08-18,CHN-1046,23,0
2025-08-25,CHN-1046,29,0
2025-09-01,CHN-1046,23,0
2025-09-08,CHN-1046,17,0
2025-09-15,CHN-1046,25,0
2025-09-22,CHN-1046,13,0
2025-09-29,CHN-1046,22,0
2025-10-06,CHN-1046,61,1
2025-10-13,CHN-1046,28,0
2025-10-20,CHN-1046,26,0
2025-10-27,CHN-1046,10,0
2025-11-03,CHN-1046,30,0
2025-11-10,CHN-1046,23,0
2025-11-17,CHN-1046,17,0
2025-11-24,CHN-1046,27,0
2025-12-01,CHN-1046,15,0
2025-12-08,CHN-1046,14,0
2025-12-15,CHN-1046,19,0
2025-12-22,CHN-1046,18,0
2025-12-29,CHN-1046,17,0
2026-01-05,CHN-1046,24,0
2026-01-12,CHN-1046,14,0
2026-01-19,CHN-1046,20,0
2026-01-26,CHN-1046,22,0
2026-02-02,CHN-1046,18,0
2026-02-09,CHN-1046,32,1
2026-02-16,CHN-1046,22,0
2026-02-23,CHN-1046,23,0
2026-03-02,CHN-1046,21,0
2026-03-09,CHN-1046,16,0
2026-03-16,CHN-1046,28,0
2026-03-23,CHN-1046,20,0
2026-03-30,CHN-1046,18,0
2026-04-06,CHN-1046,20,0
2026-04-13,CHN-1046,23,0
2026-04-20,CHN-1046,17,0
2026-04-27,CHN-1046,25,0
2026-05-04,CHN-1046,19,0
2026-05-11,CHN-1046,29,0
2026-05-18,CHN-1046,29,0
2026-05-25,CHN-1046,30,0
2026-06-01,CHN-1046,25,0
2026-06-08,CHN-1046,25,0
2024-12-16,BRK-1087,18,0
2024-12-23,BRK-1087,37,1
2024-12-30,BRK-1087,14,0
2025-01-06,BRK-1087,17,0
2025-01-13,BRK-1087,21,0
2025-01-20,BRK-1087,16,0
2025-01-27,BRK-1087,10,0
2025-02-03,BRK-1087,12,0
2025-02-10,BRK-1087,10,0
2025-02-17,BRK-1087,9,0
2025-02-24,BRK-1087,32,1
2025-03-03,BRK-1087,13,0
2025-03-10,BRK-1087,14,0
2025-03-17,BRK-1087,10,0
2025-03-24,BRK-1087,10,0
2025-03-31,BRK-1087,12,0
2025-04-07,BRK-1087,10,0
2025-04-14,BRK-1087,15,0
2025-04-21,BRK-1087,34,1
2025-04-28,BRK-1087,13,0
2025-05-05,BRK-1087,11,0
2025-05-12,BRK-1087,13,0
2025-05-19,BRK-1087,15,1
2025-05-26,BRK-1087,9,0
2025-06-02,BRK-1087,23,1
2025-06-09,BRK-1087,11,0
2025-06-16,BRK-1087,15,0
2025-06-23,BRK-1087,14,0
2025-06-30,BRK-1087,21,0
2025-07-07,BRK-1087,15,0
2025-07-14,BRK-1087,14,0
2025-07-21,BRK-1087,20,0
2025-07-28,BRK-1087,14,0
2025-08-04,BRK-1087,17,0
2025-08-11,BRK-1087,20,0
2025-08-18,BRK-1087,20,0
2025-08-25,BRK-1087,24,0
2025-09-01,BRK-1087,16,0
2025-09-08,BRK-1087,17,0
2025-09-15,BRK-1087,21,0
2025-09-22,BRK-1087,18,0
2025-09-29,BRK-1087,23,0
2025-10-06,BRK-1087,22,0
2025-10-13,BRK-1087,32,0
2025-10-20,BRK-1087,72,1
2025-10-27,BRK-1087,28,0
2025-11-03,BRK-1087,30,0
2025-11-10,BRK-1087,40,0
2025-11-17,BRK-1087,53,1
2025-11-24,BRK-1087,36,0
2025-12-01,BRK-1087,15,0
2025-12-08,BRK-1087,16,0
2025-12-15,BRK-1087,28,0
2025-12-22,BRK-1087,24,0
2025-12-29,BRK-1087,29,0
2026-01-05,BRK-1087,20,0
2026-01-12,BRK-1087,15,0
2026-01-19,BRK-1087,31,1
2026-01-26,BRK-1087,26,0
2026-02-02,BRK-1087,23,0
2026-02-09,BRK-1087,22,0
2026-02-16,BRK-1087,45,1
2026-02-23,BRK-1087,20,0
2026-03-02,BRK-1087,13,0
2026-03-09,BRK-1087,21,0
2026-03-16,BRK-1087,18,0
2026-03-23,BRK-1087,14,0
2026-03-30,BRK-1087,21,0
2026-04-06,BRK-1087,9,0
2026-04-13,BRK-1087,15,0
2026-04-20,BRK-1087,18,0
2026-04-27,BRK-1087,20,0
2026-05-04,BRK-1087,10,0
2026-05-11,BRK-1087,16,0
2026-05-18,BRK-1087,8,0
2026-05-25,BRK-1087,17,0
2026-06-01,BRK-1087,25,1
2026-06-08,BRK-1087,30,1
2024-12-16,CHN-1054,19,0
2024-12-23,CHN-1054,36,1
2024-12-30,CHN-1054,27,0
2025-01-06,CHN-1054,29,1
2025-01-13,CHN-1054,13,0
2025-01-20,CHN-1054,15,0
2025-01-27,CHN-1054,16,0
2025-02-03,CHN-1054,25,0
2025-02-10,CHN-1054,15,0
2025-02-17,CHN-1054,33,0
2025-02-24,CHN-1054,17,0
2025-03-03,CHN-1054,24,0
2025-03-10,CHN-1054,29,1
2025-03-17,CHN-1054,17,0
2025-03-24,CHN-1054,22,0
2025-03-31,CHN-1054,16,0
2025-04-07,CHN-1054,20,0
2025-04-14,CHN-1054,25,0
2025-04-21,CHN-1054,31,0
2025-04-28,CHN-1054,28,0
2025-05-05,CHN-1054,57,1
2025-05-12,CHN-1054,33,0
2025-05-19,CHN-1054,29,0
2025-05-26,CHN-1054,20,0
2025-06-02,CHN-1054,38,0
2025-06-09,CHN-1054,25,0
2025-06-16,CHN-1054,26,0
2025-06-23,CHN-1054,26,0
2025-06-30,CHN-1054,30,0
2025-07-07,CHN-1054,16,0
2025-07-14,CHN-1054,35,0
2025-07-21,CHN-1054,22,0
2025-07-28,CHN-1054,31,0
2025-08-04,CHN-1054,25,0
2025-08-11,CHN-1054,28,0
2025-08-18,CHN-1054,34,0
2025-08-25,CHN-1054,24,0
2025-09-01,CHN-1054,25,0
2025-09-08,CHN-1054,27,0
2025-09-15,CHN-1054,20,0
2025-09-22,CHN-1054,25,0
2025-09-29,CHN-1054,18,0
2025-10-06,CHN-1054,47,1
2025-10-13,CHN-1054,29,0
2025-10-20,CHN-1054,27,0
2025-10-27,CHN-1054,26,0
2025-11-03,CHN-1054,37,0
2025-11-10,CHN-1054,34,0
2025-11-17,CHN-1054,20,0
2025-11-24,CHN-1054,28,0
2025-12-01,CHN-1054,22,0
2025-12-08,CHN-1054,21,0
2025-12-15,CHN-1054,22,0
2025-12-22,CHN-1054,20,0
2025-12-29,CHN-1054,52,1
2026-01-05,CHN-1054,16,0
2026-01-12,CHN-1054,27,0
2026-01-19,CHN-1054,24,0
2026-01-26,CHN-1054,20,0
2026-02-02,CHN-1054,25,0
2026-02-09,CHN-1054,28,0
2026-02-16,CHN-1054,26,0
2026-02-23,CHN-1054,17,0
2026-03-02,CHN-1054,20,0
2026-03-09,CHN-1054,24,0
2026-03-16,CHN-1054,29,0
2026-03-23,CHN-1054,28,0
2026-03-30,CHN-1054,26,0
2026-04-06,CHN-1054,34,0
2026-04-13,CHN-1054,29,0
2026-04-20,CHN-1054,30,0
2026-04-27,CHN-1054,34,0
2026-05-04,CHN-1054,38,0
2026-05-11,CHN-1054,37,0
2026-05-18,CHN-1054,28,0
2026-05-25,CHN-1054,84,1
2026-06-01,CHN-1054,35,0
2026-06-08,CHN-1054,39,0
2024-12-16,OIL-1002,28,0
2024-12-23,OIL-1002,35,0
2024-12-30,OIL-1002,54,1
2025-01-06,OIL-1002,49,1
2025-01-13,OIL-1002,39,0
2025-01-20,OIL-1002,64,1
2025-01-27,OIL-1002,78,1
2025-02-03,OIL-1002,35,0
2025-02-10,OIL-1002,39,0
2025-02-17,OIL-1002,37,0
2025-02-24,OIL-1002,44,0
2025-03-03,OIL-1002,87,1
2025-03-10,OIL-1002,79,1
2025-03-17,OIL-1002,53,0
2025-03-24,OIL-1002,47,0
2025-03-31,OIL-1002,51,0
2025-04-07,OIL-1002,32,0
2025-04-14,OIL-1002,45,0
2025-04-21,OIL-1002,56,0
2025-04-28,OIL-1002,54,0
2025-05-05,OIL-1002,38,0
2025-05-12,OIL-1002,92,1
2025-05-19,OIL-1002,61,0
2025-05-26,OIL-1002,43,0
2025-06-02,OIL-1002,53,0
2025-06-09,OIL-1002,57,0
2025-06-16,OIL-1002,57,0
2025-06-23,OIL-1002,53,0
2025-06-30,OIL-1002,51,0
2025-07-07,OIL-1002,55,0
2025-07-14,OIL-1002,43,0
2025-07-21,OIL-1002,44,0
2025-07-28,OIL-1002,42,0
2025-08-04,OIL-1002,54,0
2025-08-11,OIL-1002,40,0
2025-08-18,OIL-1002,43,0
2025-08-25,OIL-1002,56,0
2025-09-01,OIL-1002,54,0
2025-09-08,OIL-1002,39,0
2025-09-15,OIL-1002,46,0
2025-09-22,OIL-1002,37,0
2025-09-29,OIL-1002,40,0
2025-10-06,OIL-1002,50,0
2025-10-13,OIL-1002,49,0
2025-10-20,OIL-1002,41,0
2025-10-27,OIL-1002,42,0
2025-11-03,OIL-1002,33,0
2025-11-10,OIL-1002,37,0
2025-11-17,OIL-1002,31,0
2025-11-24,OIL-1002,42,0
2025-12-01,OIL-1002,34,0
2025-12-08,OIL-1002,33,0
2025-12-15,OIL-1002,38,0
2025-12-22,OIL-1002,31,0
2025-12-29,OIL-1002,34,0
2026-01-05,OIL-1002,37,0
2026-01-12,OIL-1002,38,0
2026-01-19,OIL-1002,38,0
2026-01-26,OIL-1002,40,0
2026-02-02,OIL-1002,96,1
2026-02-09,OIL-1002,46,0
2026-02-16,OIL-1002,38,0
2026-02-23,OIL-1002,46,0
2026-03-02,OIL-1002,38,0
2026-03-09,OIL-1002,47,0
2026-03-16,OIL-1002,42,0
2026-03-23,OIL-1002,47,0
2026-03-30,OIL-1002,91,1
2026-04-06,OIL-1002,42,0
2026-04-13,OIL-1002,65,0
2026-04-20,OIL-1002,51,0
2026-04-27,OIL-1002,46,0
2026-05-04,OIL-1002,54,0
2026-05-11,OIL-1002,41,0
2026-05-18,OIL-1002,51,0
2026-05-25,OIL-1002,53,0
2026-06-01,OIL-1002,45,0
2026-06-08,OIL-1002,39,0
2024-12-16,ELE-1026,17,0
2024-12-23,ELE-1026,10,0
2024-12-30,ELE-1026,5,0
2025-01-06,ELE-1026,9,0
2025-01-13,ELE-1026,10,0
2025-01-20,ELE-1026,8,0
2025-01-27,ELE-1026,10,0
2025-02-03,ELE-1026,10,0
2025-02-10,ELE-1026,12,0
2025-02-17,ELE-1026,6,0
2025-02-24,ELE-1026,9,0
2025-03-03,ELE-1026,13,0
2025-03-10,ELE-1026,9,0
2025-03-17,ELE-1026,9,0
2025-03-24,ELE-1026,10,0
2025-03-31,ELE-1026,10,0
2025-04-07,ELE-1026,11,0
2025-04-14,ELE-1026,10,0
2025-04-21,ELE-1026,12,0
2025-04-28,ELE-1026,10,0
2025-05-05,ELE-1026,17,1
2025-05-12,ELE-1026,27,1
2025-05-19,ELE-1026,15,0
2025-05-26,ELE-1026,14,0
2025-06-02,ELE-1026,16,0
2025-06-09,ELE-1026,14,0
2025-06-16,ELE-1026,17,0
2025-06-23,ELE-1026,17,0
2025-06-30,ELE-1026,12,0
2025-07-07,ELE-1026,17,0
2025-07-14,ELE-1026,17,0
2025-07-21,ELE-1026,15,0
2025-07-28,ELE-1026,10,0
2025-08-04,ELE-1026,14,0
2025-08-11,ELE-1026,20,0
2025-08-18,ELE-1026,21,0
2025-08-25,ELE-1026,25,0
2025-09-01,ELE-1026,20,0
2025-09-08,ELE-1026,13,0
2025-09-15,ELE-1026,15,0
2025-09-22,ELE-1026,25,0
2025-09-29,ELE-1026,25,0
2025-10-06,ELE-1026,27,0
2025-10-13,ELE-1026,25,0
2025-10-20,ELE-1026,50,1
2025-10-27,ELE-1026,20,0
2025-11-03,ELE-1026,23,0
2025-11-10,ELE-1026,27,0
2025-11-17,ELE-1026,20,0
2025-11-24,ELE-1026,16,0
2025-12-01,ELE-1026,31,1
2025-12-08,ELE-1026,11,0
2025-12-15,ELE-1026,14,0
2025-12-22,ELE-1026,30,1
2025-12-29,ELE-1026,13,0
2026-01-05,ELE-1026,11,0
2026-01-12,ELE-1026,14,0
2026-01-19,ELE-1026,4,0
2026-01-26,ELE-1026,10,0
2026-02-02,ELE-1026,17,0
2026-02-09,ELE-1026,24,1
2026-02-16,ELE-1026,15,0
2026-02-23,ELE-1026,13,0
2026-03-02,ELE-1026,8,0
2026-03-09,ELE-1026,11,0
2026-03-16,ELE-1026,11,0
2026-03-23,ELE-1026,13,0
2026-03-30,ELE-1026,14,0
2026-04-06,ELE-1026,27,1
2026-04-13,ELE-1026,15,0
2026-04-20,ELE-1026,9,0
2026-04-27,ELE-1026,11,0
2026-05-04,ELE-1026,19,0
2026-05-11,ELE-1026,14,0
2026-05-18,ELE-1026,14,0
2026-05-25,ELE-1026,20,0
2026-06-01,ELE-1026,34,1
2026-06-08,ELE-1026,9,0
2024-12-16,BRK-1054,18,0
2024-12-23,BRK-1054,21,0
2024-12-30,BRK-1054,16,0
2025-01-06,BRK-1054,17,0
2025-01-13,BRK-1054,22,0
2025-01-20,BRK-1054,27,0
2025-01-27,BRK-1054,14,0
2025-02-03,BRK-1054,9,0
2025-02-10,BRK-1054,16,0
2025-02-17,BRK-1054,16,0
2025-02-24,BRK-1054,20,0
2025-03-03,BRK-1054,18,0
2025-03-10,BRK-1054,30,1
2025-03-17,BRK-1054,37,1
2025-03-24,BRK-1054,14,0
2025-03-31,BRK-1054,16,0
2025-04-07,BRK-1054,21,0
2025-04-14,BRK-1054,17,0
2025-04-21,BRK-1054,22,0
2025-04-28,BRK-1054,18,0
2025-05-05,BRK-1054,17,0
2025-05-12,BRK-1054,18,0
2025-05-19,BRK-1054,8,0
2025-05-26,BRK-1054,37,1
2025-06-02,BRK-1054,19,0
2025-06-09,BRK-1054,19,0
2025-06-16,BRK-1054,16,0
2025-06-23,BRK-1054,23,0
2025-06-30,BRK-1054,8,0
2025-07-07,BRK-1054,19,0
2025-07-14,BRK-1054,19,0
2025-07-21,BRK-1054,19,0
2025-07-28,BRK-1054,18,0
2025-08-04,BRK-1054,35,1
2025-08-11,BRK-1054,7,0
2025-08-18,BRK-1054,12,0
2025-08-25,BRK-1054,15,0
2025-09-01,BRK-1054,15,0
2025-09-08,BRK-1054,17,0
2025-09-15,BRK-1054,18,0
2025-09-22,BRK-1054,14,0
2025-09-29,BRK-1054,24,0
2025-10-06,BRK-1054,21,0
2025-10-13,BRK-1054,18,0
2025-10-20,BRK-1054,21,0
2025-10-27,BRK-1054,19,0
2025-11-03,BRK-1054,29,0
2025-11-10,BRK-1054,22,0
2025-11-17,BRK-1054,51,1
2025-11-24,BRK-1054,24,0
2025-12-01,BRK-1054,22,0
2025-12-08,BRK-1054,31,1
2025-12-15,BRK-1054,39,1
2025-12-22,BRK-1054,23,0
2025-12-29,BRK-1054,31,0
2026-01-05,BRK-1054,37,1
2026-01-12,BRK-1054,19,0
2026-01-19,BRK-1054,45,1
2026-01-26,BRK-1054,20,0
2026-02-02,BRK-1054,26,0
2026-02-09,BRK-1054,22,0
2026-02-16,BRK-1054,23,0
2026-02-23,BRK-1054,22,0
2026-03-02,BRK-1054,21,0
2026-03-09,BRK-1054,30,0
2026-03-16,BRK-1054,17,0
2026-03-23,BRK-1054,25,0
2026-03-30,BRK-1054,25,0
2026-04-06,BRK-1054,18,0
2026-04-13,BRK-1054,21,0
2026-04-20,BRK-1054,13,0
2026-04-27,BRK-1054,20,0
2026-05-04,BRK-1054,30,0
2026-05-11,BRK-1054,27,1
2026-05-18,BRK-1054,25,0
2026-05-25,BRK-1054,8,0
2026-06-01,BRK-1054,11,0
2026-06-08,BRK-1054,13,0
2024-12-16,FIL-1050,7,0
2024-12-23,FIL-1050,7,0
2024-12-30,FIL-1050,7,0
2025-01-06,FIL-1050,9,0
2025-01-13,FIL-1050,4,0
2025-01-20,FIL-1050,6,0
2025-01-27,FIL-1050,7,0
2025-02-03,FIL-1050,6,0
2025-02-10,FIL-1050,8,0
2025-02-17,FIL-1050,11,0
2025-02-24,FIL-1050,8,0
2025-03-03,FIL-1050,8,0
2025-03-10,FIL-1050,8,0
2025-03-17,FIL-1050,4,0
2025-03-24,FIL-1050,6,0
2025-03-31,FIL-1050,9,0
2025-04-07,FIL-1050,5,0
2025-04-14,FIL-1050,6,0
2025-04-21,FIL-1050,12,0
2025-04-28,FIL-1050,8,0
2025-05-05,FIL-1050,9,0
2025-05-12,FIL-1050,6,0
2025-05-19,FIL-1050,6,0
2025-05-26,FIL-1050,14,1
2025-06-02,FIL-1050,5,0
2025-06-09,FIL-1050,7,1
2025-06-16,FIL-1050,10,0
2025-06-23,FIL-1050,3,0
2025-06-30,FIL-1050,9,0
2025-07-07,FIL-1050,3,0
2025-07-14,FIL-1050,0,0
2025-07-21,FIL-1050,6,0
2025-07-28,FIL-1050,4,0
2025-08-04,FIL-1050,2,0
2025-08-11,FIL-1050,9,0
2025-08-18,FIL-1050,4,0
2025-08-25,FIL-1050,5,0
2025-09-01,FIL-1050,2,0
2025-09-08,FIL-1050,2,0
2025-09-15,FIL-1050,3,0
2025-09-22,FIL-1050,0,0
2025-09-29,FIL-1050,1,0
2025-10-06,FIL-1050,5,0
2025-10-13,FIL-1050,5,0
2025-10-20,FIL-1050,6,0
2025-10-27,FIL-1050,2,0
2025-11-03,FIL-1050,3,0
2025-11-10,FIL-1050,7,1
2025-11-17,FIL-1050,2,0
2025-11-24,FIL-1050,6,0
2025-12-01,FIL-1050,5,0
2025-12-08,FIL-1050,1,0
2025-12-15,FIL-1050,6,1
2025-12-22,FIL-1050,12,1
2025-12-29,FIL-1050,2,0
2026-01-05,FIL-1050,8,0
2026-01-12,FIL-1050,3,0
2026-01-19,FIL-1050,1,0
2026-01-26,FIL-1050,1,0
2026-02-02,FIL-1050,8,1
2026-02-09,FIL-1050,3,0
2026-02-16,FIL-1050,3,0
2026-02-23,FIL-1050,3,0
2026-03-02,FIL-1050,3,0
2026-03-09,FIL-1050,3,0
2026-03-16,FIL-1050,3,0
2026-03-23,FIL-1050,3,0
2026-03-30,FIL-1050,4,0
2026-04-06,FIL-1050,4,0
2026-04-13,FIL-1050,1,0
2026-04-20,FIL-1050,2,0
2026-04-27,FIL-1050,2,0
2026-05-04,FIL-1050,4,1
2026-05-11,FIL-1050,1,0
2026-05-18,FIL-1050,0,0
2026-05-25,FIL-1050,2,0
2026-06-01,FIL-1050,1,0
2026-06-08,FIL-1050,3,0
2024-12-16,CHN-1029,24,0
2024-12-23,CHN-1029,24,0
2024-12-30,CHN-1029,27,0
2025-01-06,CHN-1029,24,0
2025-01-13,CHN-1029,26,0
2025-01-20,CHN-1029,27,0
2025-01-27,CHN-1029,27,0
2025-02-03,CHN-1029,28,0
2025-02-10,CHN-1029,25,0
2025-02-17,CHN-1029,30,0
2025-02-24,CHN-1029,28,0
2025-03-03,CHN-1029,54,1
2025-03-10,CHN-1029,23,0
2025-03-17,CHN-1029,24,0
2025-03-24,CHN-1029,21,0
2025-03-31,CHN-1029,31,0
2025-04-07,CHN-1029,29,0
2025-04-14,CHN-1029,27,0
2025-04-21,CHN-1029,37,0
2025-04-28,CHN-1029,24,0
2025-05-05,CHN-1029,40,0
2025-05-12,CHN-1029,36,0
2025-05-19,CHN-1029,30,0
2025-05-26,CHN-1029,32,0
2025-06-02,CHN-1029,28,0
2025-06-09,CHN-1029,46,0
2025-06-16,CHN-1029,41,0
2025-06-23,CHN-1029,29,0
2025-06-30,CHN-1029,39,0
2025-07-07,CHN-1029,55,0
2025-07-14,CHN-1029,35,0
2025-07-21,CHN-1029,28,0
2025-07-28,CHN-1029,31,0
2025-08-04,CHN-1029,27,0
2025-08-11,CHN-1029,35,0
2025-08-18,CHN-1029,37,0
2025-08-25,CHN-1029,36,0
2025-09-01,CHN-1029,36,0
2025-09-08,CHN-1029,41,0
2025-09-15,CHN-1029,33,0
2025-09-22,CHN-1029,44,0
2025-09-29,CHN-1029,39,0
2025-10-06,CHN-1029,53,0
2025-10-13,CHN-1029,34,0
2025-10-20,CHN-1029,33,0
2025-10-27,CHN-1029,45,0
2025-11-03,CHN-1029,47,0
2025-11-10,CHN-1029,45,0
2025-11-17,CHN-1029,42,0
2025-11-24,CHN-1029,39,0
2025-12-01,CHN-1029,33,0
2025-12-08,CHN-1029,28,0
2025-12-15,CHN-1029,51,1
2025-12-22,CHN-1029,28,0
2025-12-29,CHN-1029,35,0
2026-01-05,CHN-1029,29,0
2026-01-12,CHN-1029,26,0
2026-01-19,CHN-1029,29,0
2026-01-26,CHN-1029,25,0
2026-02-02,CHN-1029,39,0
2026-02-09,CHN-1029,31,0
2026-02-16,CHN-1029,35,0
2026-02-23,CHN-1029,30,0
2026-03-02,CHN-1029,31,0
2026-03-09,CHN-1029,26,0
2026-03-16,CHN-1029,39,0
2026-03-23,CHN-1029,35,0
2026-03-30,CHN-1029,38,0
2026-04-06,CHN-1029,25,0
2026-04-13,CHN-1029,34,0
2026-04-20,CHN-1029,34,0
2026-04-27,CHN-1029,33,0
2026-05-04,CHN-1029,34,0
2026-05-11,CHN-1029,49,0
2026-05-18,CHN-1029,38,0
2026-05-25,CHN-1029,36,0
2026-06-01,CHN-1029,33,0
2026-06-08,CHN-1029,46,0
